name,phone
Abebe Kebede,0911111111
Selam Tesfaye,0922222222
John Doe,0933333333
Eden Alemayehu,0941234567
Dawit Girma,
Meron Assefa,0912345678
Yonas Tadesse,
Betelhem Moges,0923456789
Kedir Jemal,0938765432
Hana Girma,
Tewodros Bekele,0919876543
Sara Mohammed,
Habtamu Wolde,0945678901
Liya Getachew,
Natan Abera,0928765432
Ruth Samuel,
Samuel Fikadu,0913456789
Blen Tsegaye,
Kidus Lakew,0931239876
Eyerusalem Birhanu,
Rediet Negash,0942345678
Mikias Demissie,
Fikir Worku,
Tsion Mengistu,0921112233
Yohannes Hailu,0919988776
Almaz Yimer,
Tesfaye Dejene,0935544332
Zewditu Gebremariam,
Getnet Birru,0946677889
Wubshet Lemma,
Aster Tamiru,0912233445
Bereket Solomon,
Frehiwot Asfaw,0927788990
Tigist Endale,
Mesfin Kebede,0931122334
Senait Haile,
Elias Mulugeta,0949988776
Lidiya Bekele,
Girma Tadesse,0916677889
Woynishet Alemu,
Daniel Yohannes,0923344556
Hiwot Teshome,
Addisalem Moges,0938899001
Meselech Deriba,
Tadesse Gizaw,0945566778
Roman Girma,
Beza Admassu,0912233009
Yeabsira Kebede,
Selamawit Alem,0929900112
Nebiyu Hailemariam,
Emebet Wolde,0937788990
Tsinat Getnet,
Yared Assefa,0941122334
Genet Birhan,
Dawit Mekonnen,0914455667
Sisay Endris,
Hirut Lemma,0923344001
Brook Fikremariam,
Kidist Tadesse,0938899112
Amanuel Gebeyehu,
Tiruwork Asfaw,0946677009
Meskerem Kebede,
Biniyam Solomon,0919900223
Etenesh Haile,
Zelalem Moges,0921122334
Wossen Teferra,
Esubalew Bekele,0934455667
Tirufelegn Girma,
Selam Teshome,0947788990
Yohana Alemu,
Tsehay Yohannes,0912233445
Mekdes Tesfaye,0925566778
Abeba Mengistu,
Getahun Hailu,0938899001
Fikadu Yimer,
Aster Dejene,0941122334
Teshome Gebremariam,
Wubalem Birru,0914455667
Solomon Lemma,
Emebet Tamiru,0927788990
Bereket Asfaw,
Frehiwot Endale,0931122334
Tigist Hailemariam,
Mesfin Wolde,0945566778
Senait Getnet,
Elias Birhan,0918899001
Lidiya Mekonnen,
Girma Endris,0922233445
Woynishet Lemma,
Daniel Fikremariam,0935566778
Hiwot Gebeyehu,
Addisalem Teferra,0948899001
Meselech Bekele,
Tadesse Girma,0911122334
Roman Teshome,
Beza Alemu,0924455667
Yeabsira Yohannes,
Selamawit Tesfaye,0937788990
Nebiyu Mengistu,
Emebet Hailu,0941122334
Tsinat Yimer,
Yared Dejene,0914455667
Genet Gebremariam,
Dawit Birru,0927788990
Sisay Lemma,
Hirut Tamiru,0931122334
Brook Asfaw,
Kidist Endale,0945566778
Amanuel Hailemariam,
Tiruwork Wolde,0918899001
Meskerem Getnet,
Biniyam Birhan,0922233445
Etenesh Mekonnen,
Zelalem Endris,0935566778
Wossen Fikremariam,
Esubalew Gebeyehu,0948899001
Tirufelegn Teferra,
Selam Bekele,0911122334
Yohana Girma,
Tsehay Teshome,0924455667
Mekdes Alemu,
Abeba Yohannes,0937788990
Getahun Tesfaye,
Fikadu Mengistu,0941122334
Aster Hailu,
Teshome Yimer,0914455667
Wubalem Dejene,
Solomon Gebremariam,0927788990
Emebet Birru,
Bereket Lemma,0931122334
Frehiwot Tamiru,
Tigist Asfaw,0945566778
Mesfin Endale,
Senait Hailemariam,0918899001
Elias Wolde,
Lidiya Getnet,0922233445
Girma Birhan,
Woynishet Mekonnen,0935566778
Daniel Endris,
Hiwot Fikremariam,0948899001
Addisalem Gebeyehu,
Meselech Teferra,0911122334
Tadesse Bekele,
Roman Girma,0924455667
Beza Teshome,
Yeabsira Alemu,0937788990
Selamawit Yohannes,
Nebiyu Tesfaye,0941122334
Emebet Mengistu,
Tsinat Hailu,0914455667
Yared Yimer,
Genet Dejene,0927788990
Dawit Gebremariam,
Sisay Birru,0931122334
Hirut Lemma,
Brook Tamiru,0945566778
Kidist Asfaw,
Amanuel Endale,0918899001
Tiruwork Hailemariam,
Meskerem Wolde,0922233445
Biniyam Getnet,
Etenesh Birhan,0935566778
Zelalem Mekonnen,
Wossen Endris,0948899001
Esubalew Fikremariam,
Tirufelegn Gebeyehu,0911122334
Selam Teferra,
Yohana Bekele,0924455667
Tsehay Girma,
Mekdes Teshome,0937788990
Abeba Alemu,
Getahun Yohannes,0941122334
Fikadu Tesfaye,
Aster Mengistu,0914455667
Teshome Hailu,
Wubalem Yimer,0927788990
Solomon Dejene,
Emebet Gebremariam,0931122334
Bereket Birru,
Frehiwot Lemma,0945566778
Tigist Tamiru,
Mesfin Asfaw,0918899001
Senait Endale,
Elias Hailemariam,0922233445
Lidiya Wolde,
Girma Getnet,0935566778
Woynishet Birhan,
Daniel Mekonnen,0948899001
Hiwot Endris,
Addisalem Fikremariam,0911122334
Meselech Gebeyehu,
Tadesse Teferra,0924455667
Roman Bekele,
Beza Girma,0937788990
Yeabsira Teshome,
Selamawit Alemu,0941122334
Nebiyu Yohannes,
Emebet Tesfaye,0914455667
Tsinat Mengistu,
Yared Hailu,0927788990
Genet Yimer,
Dawit Dejene,0931122334
Sisay Gebremariam,
Hirut Birru,0945566778
Brook Lemma,
Kidist Tamiru,0918899001
Amanuel Asfaw,
Tiruwork Endale,0922233445
Meskerem Hailemariam,
Biniyam Wolde,0935566778
Etenesh Getnet,
Zelalem Birhan,0948899001
Wossen Mekonnen,
Esubalew Endris,0911122334
Tirufelegn Fikremariam,
Selam Gebeyehu,0924455667
Yohana Teferra,
Tsehay Bekele,0937788990
Mekdes Girma,
Abeba Teshome,0941122334
Getahun Alemu,
Fikadu Yohannes,0914455667
Aster Tesfaye,
Teshome Mengistu,0927788990
Wubalem Hailu,
Solomon Yimer,0931122334
Emebet Dejene,
Bereket Gebremariam,0945566778
Frehiwot Birru,
Tigist Lemma,0918899001
Mesfin Tamiru,
Senait Asfaw,0922233445
Elias Endale,
Lidiya Hailemariam,0935566778
Girma Wolde,
Woynishet Getnet,0948899001
Daniel Birhan,
Hiwot Mekonnen,0911122334
Addisalem Endris,
Meselech Fikremariam,0924455667
Tadesse Gebeyehu,
Roman Teferra,0937788990
Beza Bekele,
Yeabsira Girma,0941122334
Selamawit Teshome,
Nebiyu Alemu,0914455667
Emebet Yohannes,
Tsinat Tesfaye,0927788990
Yared Mengistu,
Genet Hailu,0931122334
Dawit Yimer,
Sisay Dejene,0945566778
Hirut Gebremariam,
Brook Birru,0918899001
Kidist Lemma,
Amanuel Tamiru,0922233445
Tiruwork Asfaw,
Meskerem Endale,0935566778
Biniyam Hailemariam,
Etenesh Wolde,0948899001
Zelalem Getnet,
Wossen Birhan,0911122334
Esubalew Mekonnen,
Tirufelegn Endris,0924455667
Selam Fikremariam,
Yohana Gebeyehu,0937788990
Tsehay Teferra,
Mekdes Bekele,0941122334
Abeba Girma,
Getahun Teshome,0914455667
Fikadu Alemu,
Aster Yohannes,0927788990
Teshome Tesfaye,
Wubalem Mengistu,0931122334
Solomon Hailu,
Emebet Yimer,0945566778
Bereket Dejene,
Frehiwot Gebremariam,0918899001
Tigist Birru,
Mesfin Lemma,0922233445
Senait Tamiru,
Elias Asfaw,0935566778
Lidiya Endale,
Girma Hailemariam,0948899001
Woynishet Wolde,
Daniel Getnet,0911122334
Hiwot Birhan,
Addisalem Mekonnen,0924455667
Meselech Endris,
Tadesse Fikremariam,0937788990
Roman Gebeyehu,
Beza Teferra,0941122334
Yeabsira Bekele,
Selamawit Girma,0914455667
Nebiyu Teshome,
Emebet Alemu,0927788990
Tsinat Yohannes,
Yared Tesfaye,0931122334
Genet Mengistu,
Dawit Hailu,0945566778
Sisay Yimer,
Hirut Dejene,0918899001
Brook Gebremariam,
Kidist Birru,0922233445
Amanuel Lemma,
Tiruwork Tamiru,0935566778
Meskerem Asfaw,
Biniyam Endale,0948899001
Etenesh Hailemariam,
Zelalem Wolde,0911122334
Wossen Getnet,
Esubalew Birhan,0924455667
Tirufelegn Mekonnen,
Selam Endris,0937788990
Yohana Fikremariam,
Tsehay Gebeyehu,0941122334
Mekdes Teferra,
Abeba Bekele,0914455667
Getahun Girma,
Fikadu Teshome,0927788990
Aster Alemu,
Teshome Yohannes,0931122334
Wubalem Tesfaye,
Solomon Mengistu,0945566778
Emebet Hailu,
Bereket Yimer,0918899001
Frehiwot Dejene,
Tigist Gebremariam,0922233445
Mesfin Birru,
Senait Lemma,0935566778
Elias Tamiru,
Lidiya Asfaw,0948899001
Girma Endale,
Woynishet Hailemariam,0911122334
Daniel Wolde,
Hiwot Getnet,0924455667
Addisalem Birhan,
Meselech Mekonnen,0937788990
Tadesse Endris,
Roman Fikremariam,0941122334
Beza Gebeyehu,
Yeabsira Teferra,0914455667
Selamawit Bekele,
Nebiyu Girma,0927788990
Emebet Teshome,
Tsinat Alemu,0931122334
Yared Yohannes,
Genet Tesfaye,0945566778
Dawit Mengistu,
Sisay Hailu,0918899001
Hirut Yimer,
Brook Dejene,0922233445
Kidist Gebremariam,
Amanuel Birru,0935566778
Tiruwork Lemma,
Meskerem Tamiru,0948899001
Biniyam Asfaw,
Etenesh Endale,0911122334
Zelalem Hailemariam,
Wossen Wolde,0924455667
Esubalew Getnet,
Tirufelegn Birhan,0937788990
Selam Mekonnen,
Yohana Endris,0941122334
Tsehay Fikremariam,
Mekdes Gebeyehu,0914455667
Abeba Teferra,
Getahun Bekele,0927788990
Fikadu Girma,
Aster Teshome,0931122334
Teshome Alemu,
Wubalem Yohannes,0945566778
Solomon Tesfaye,
Emebet Mengistu,0918899001
Bereket Hailu,
Frehiwot Yimer,0922233445
Tigist Dejene,
Mesfin Gebremariam,0935566778
Senait Birru,
Elias Lemma,0948899001
Lidiya Tamiru,
Girma Asfaw,0911122334
Woynishet Endale,
Daniel Hailemariam,0924455667
Hiwot Wolde,
Addisalem Getnet,0937788990
Meselech Birhan,
Tadesse Mekonnen,0941122334
Roman Endris,
Beza Fikremariam,0914455667
Yeabsira Gebeyehu,
Selamawit Teferra,0927788990
Nebiyu Bekele,
Emebet Girma,0931122334
Tsinat Teshome,
Yared Alemu,0945566778
Genet Yohannes,
Dawit Tesfaye,0918899001
Sisay Mengistu,
Hirut Hailu,0922233445
Brook Yimer,
Kidist Dejene,0935566778
Amanuel Gebremariam,
Tiruwork Birru,0948899001
Meskerem Lemma,
Biniyam Tamiru,0911122334
Etenesh Asfaw,
Zelalem Endale,0924455667
Wossen Hailemariam,
Esubalew Wolde,0937788990
Tirufelegn Getnet,
Selam Birhan,0941122334
Yohana Mekonnen,
Tsehay Endris,0914455667
Mekdes Fikremariam,
Abeba Gebeyehu,0927788990
Getahun Teferra,
Fikadu Bekele,0931122334
Aster Girma,
Teshome Teshome,0945566778
Wubalem Alemu,
Solomon Yohannes,0918899001
Emebet Tesfaye,
Bereket Mengistu,0922233445
Frehiwot Hailu,
Tigist Yimer,0935566778
Mesfin Dejene,
Senait Gebremariam,0948899001
Elias Birru,
Lidiya Lemma,0911122334
Girma Tamiru,
Woynishet Asfaw,0924455667
Daniel Endale,
Hiwot Hailemariam,0937788990
Addisalem Wolde,
Meselech Getnet,0941122334
Tadesse Birhan,
Roman Mekonnen,0914455667
Beza Endris,
Yeabsira Fikremariam,0927788990
Selamawit Gebeyehu,
Nebiyu Teferra,0931122334
Emebet Bekele,
Tsinat Girma,0945566778
Yared Teshome,
Genet Alemu,0918899001
Dawit Yohannes,
Sisay Tesfaye,0922233445
Hirut Mengistu,
Brook Hailu,0935566778
Kidist Yimer,
Amanuel Dejene,0948899001
Tiruwork Gebremariam,
Meskerem Birru,0911122334
Biniyam Lemma,
Etenesh Tamiru,0924455667
Zelalem Asfaw,
Wossen Endale,0937788990
Esubalew Hailemariam,
Tirufelegn Wolde,0941122334
Selam Getnet,
Yohana Birhan,0914455667
Tsehay Mekonnen,
Mekdes Endris,0927788990
Abeba Fikremariam,
Getahun Gebeyehu,0931122334
Fikadu Teferra,
Aster Bekele,0945566778
Teshome Girma,
Wubalem Teshome,0918899001
Solomon Alemu,
Emebet Yohannes,0922233445
Bereket Tesfaye,
Frehiwot Mengistu,0935566778
Tigist Hailu,
Mesfin Yimer,0948899001
Senait Dejene,
Elias Gebremariam,0911122334
Lidiya Birru,
Girma Lemma,0924455667
Woynishet Tamiru,
Daniel Asfaw,0937788990
Hiwot Endale,
Addisalem Hailemariam,0941122334
Meselech Wolde,
Tadesse Getnet,0914455667
Roman Birhan,
Beza Mekonnen,0927788990
Yeabsira Endris,
Selamawit Fikremariam,0931122334
Nebiyu Gebeyehu,
Emebet Teferra,0945566778
Tsinat Bekele,
Yared Girma,0918899001
Genet Teshome,
Dawit Alemu,0922233445
Sisay Yohannes,
Hirut Tesfaye,0935566778
Brook Mengistu,
Kidist Hailu,0948899001
Amanuel Yimer,
Tiruwork Dejene,0911122334
Meskerem Gebremariam,
Biniyam Birru,0924455667
Etenesh Lemma,
Zelalem Tamiru,0937788990
Wossen Asfaw,
Esubalew Endale,0941122334
Tirufelegn Hailemariam,
Selam Wolde,0914455667
Yohana Getnet,
Tsehay Birhan,0927788990
Mekdes Mekonnen,
Abeba Endris,0931122334
Getahun Fikremariam,
Fikadu Gebeyehu,0945566778
Aster Teferra,
Teshome Bekele,0918899001
Wubalem Girma,
Solomon Teshome,0922233445
Emebet Alemu,
Bereket Yohannes,0935566778
Frehiwot Tesfaye,
Tigist Mengistu,0948899001
Mesfin Hailu,
Senait Yimer,0911122334
Elias Dejene,
Lidiya Gebremariam,0924455667
Girma Birru,
Woynishet Lemma,0937788990
Daniel Tamiru,
Hiwot Asfaw,0941122334
Addisalem Endale,
Meselech Hailemariam,0914455667
Tadesse Wolde,
Roman Getnet,0927788990
Beza Birhan,
Yeabsira Mekonnen,0931122334
Selamawit Endris,
Nebiyu Fikremariam,0945566778
Emebet Gebeyehu,
Tsinat Teferra,0918899001
Yared Bekele,
Genet Girma,0922233445
Dawit Teshome,
Sisay Alemu,0935566778
Hirut Yohannes,
Brook Tesfaye,0948899001
Kidist Mengistu,
Amanuel Hailu,0911122334
Tiruwork Yimer,
Meskerem Dejene,0924455667
Biniyam Gebremariam,
Etenesh Birru,0937788990
Zelalem Lemma,
Wossen Tamiru,0941122334
Esubalew Asfaw,
Tirufelegn Endale,0914455667
Selam Hailemariam,
Yohana Wolde,0927788990
Tsehay Getnet,
Mekdes Birhan,0931122334
Abeba Mekonnen,
Getahun Endris,0945566778
Fikadu Fikremariam,
Aster Gebeyehu,0918899001
Teshome Teferra,
Wubalem Bekele,0922233445
Solomon Girma,
Emebet Teshome,0935566778
Bereket Alemu,
Frehiwot Yohannes,0948899001
Tigist Tesfaye,
Mesfin Mengistu,0911122334
Senait Hailu,
Elias Yimer,0924455667
Lidiya Dejene,
Girma Gebremariam,0937788990
Woynishet Birru,
Daniel Lemma,0941122334
Hiwot Tamiru,
Addisalem Asfaw,0914455667
Meselech Endale,
Tadesse Hailemariam,0927788990
Roman Wolde,
Beza Getnet,0931122334
Yeabsira Birhan,
Selamawit Mekonnen,0945566778
Nebiyu Endris,
Emebet Fikremariam,0918899001
Tsinat Gebeyehu,
Yared Teferra,0922233445
Genet Bekele,
Dawit Girma,0935566778
Sisay Teshome,
Hirut Alemu,0948899001
Brook Yohannes,
Kidist Tesfaye,0911122334
Amanuel Mengistu,
Tiruwork Hailu,0924455667
Meskerem Yimer,
Biniyam Dejene,0937788990
Etenesh Gebremariam,
Zelalem Birru,0941122334
Wossen Lemma,
Esubalew Tamiru,0914455667
Tirufelegn Asfaw,
Selam Endale,0927788990
Yohana Hailemariam,
Tsehay Wolde,0931122334
Mekdes Getnet,
Abeba Birhan,0945566778
Getahun Mekonnen,
Fikadu Endris,0918899001
Aster Fikremariam,
Teshome Gebeyehu,0922233445
Wubalem Teferra,
Solomon Bekele,0935566778
Emebet Girma,
Bereket Teshome,0948899001
Frehiwot Alemu,
Tigist Yohannes,0911122334
Mesfin Tesfaye,
Senait Mengistu,0924455667
Elias Hailu,
Lidiya Yimer,0937788990
Girma Dejene,
Woynishet Gebremariam,0941122334
Daniel Birru,
Hiwot Lemma,0914455667
Addisalem Tamiru,
Meselech Asfaw,0927788990
Tadesse Endale,
Roman Hailemariam,0931122334
Beza Wolde,
Yeabsira Getnet,0945566778
Selamawit Birhan,
Nebiyu Mekonnen,0918899001
Emebet Endris,
Tsinat Fikremariam,0922233445
Yared Gebeyehu,
Genet Teferra,0935566778
Dawit Bekele,
Sisay Girma,0948899001
Hirut Teshome,
Brook Alemu,0911122334
Kidist Yohannes,
Amanuel Tesfaye,0924455667
Tiruwork Mengistu,
Meskerem Hailu,0937788990
Biniyam Yimer,
Etenesh Dejene,0941122334
Zelalem Gebremariam,
Wossen Birru,0914455667
Esubalew Lemma,
Tirufelegn Tamiru,0927788990
Selam Asfaw,
Yohana Endale,0931122334
Tsehay Hailemariam,
Mekdes Wolde,0945566778
Abeba Getnet,
Getahun Birhan,0918899001
Fikadu Mekonnen,
Aster Endris,0922233445
Teshome Fikremariam,
Wubalem Gebeyehu,0935566778
Solomon Teferra,
Emebet Bekele,0948899001
Bereket Girma,
Frehiwot Teshome,0911122334
Tigist Alemu,
Mesfin Yohannes,0924455667
Senait Tesfaye,
Elias Mengistu,0937788990
Lidiya Hailu,
Girma Yimer,0941122334
Woynishet Dejene,
Daniel Gebremariam,0914455667
Hiwot Birru,
Addisalem Lemma,0927788990
Meselech Tamiru,
Tadesse Asfaw,0931122334
Roman Endale,
Beza Hailemariam,0945566778
Yeabsira Wolde,
Selamawit Getnet,0918899001
Nebiyu Birhan,
Emebet Mekonnen,0922233445
Tsinat Endris,
Yared Fikremariam,0935566778
Genet Gebeyehu,
Dawit Teferra,0948899001
Sisay Bekele,
Hirut Girma,0911122334
Brook Teshome,
Kidist Alemu,0924455667
Amanuel Yohannes,
Tiruwork Tesfaye,0937788990
Meskerem Mengistu,
Biniyam Hailu,0941122334
Etenesh Yimer,
Zelalem Dejene,0914455667
Wossen Gebremariam,
Esubalew Birru,0927788990
Tirufelegn Lemma,
Selam Tamiru,0931122334
Yohana Asfaw,
Tsehay Endale,0945566778
Mekdes Hailemariam,
Abeba Wolde,0918899001
Getahun Getnet,
Fikadu Birhan,0922233445
Aster Mekonnen,
Teshome Endris,0935566778
Wubalem Fikremariam,
Solomon Gebeyehu,0948899001
Emebet Teferra,
Bereket Bekele,0911122334
Frehiwot Girma,
Tigist Teshome,0924455667
Mesfin Alemu,
Senait Yohannes,0937788990
Elias Tesfaye,
Lidiya Mengistu,0941122334
Girma Hailu,
Woynishet Yimer,0914455667
Daniel Dejene,
Hiwot Gebremariam,0927788990
Addisalem Birru,
Meselech Lemma,0931122334
Tadesse Tamiru,
Roman Asfaw,0945566778
Beza Endale,
Yeabsira Hailemariam,0918899001
Selamawit Wolde,
Nebiyu Getnet,0922233445
Emebet Birhan,
Tsinat Mekonnen,0935566778
Yared Endris,
Genet Fikremariam,0948899001
Dawit Gebeyehu,
Sisay Teferra,0911122334
Hirut Bekele,
Brook Girma,0924455667
Kidist Teshome,
Amanuel Alemu,0937788990
Tiruwork Yohannes,
Meskerem Tesfaye,0941122334
Biniyam Mengistu,
Etenesh Hailu,0914455667
Zelalem Yimer,
Wossen Dejene,0927788990
Esubalew Gebremariam,
Tirufelegn Birru,0931122334
Selam Lemma,
Yohana Tamiru,0945566778
Tsehay Asfaw,
Mekdes Endale,0918899001
Abeba Hailemariam,
Getahun Wolde,0922233445
Fikadu Getnet,
Aster Birhan,0935566778
Teshome Mekonnen,
Wubalem Endris,0948899001
Solomon Fikremariam,
Emebet Gebeyehu,0911122334
Bereket Teferra,
Frehiwot Bekele,0924455667
Tigist Girma,
Mesfin Teshome,0937788990
Senait Alemu,
Elias Yohannes,0941122334
Lidiya Tesfaye,
Girma Mengistu,0914455667
Woynishet Hailu,
Daniel Yimer,0927788990
Hiwot Dejene,
Addisalem Gebremariam,0931122334
Meselech Birru,
Tadesse Lemma,0945566778
Roman Tamiru,
Beza Asfaw,0918899001
Yeabsira Endale,
Selamawit Hailemariam,0922233445
Nebiyu Wolde,
Emebet Getnet,0935566778
Tsinat Birhan,
Yared Mekonnen,0948899001
Genet Endris,
Dawit Fikremariam,0911122334
Sisay Gebeyehu,
Hirut Teferra,0924455667
Brook Bekele,
Kidist Girma,0937788990
Amanuel Teshome,
Tiruwork Alemu,0941122334
Meskerem Yohannes,
Biniyam Tesfaye,0914455667
Etenesh Mengistu,
Zelalem Hailu,0927788990
Wossen Yimer,
Esubalew Dejene,0931122334
Tirufelegn Gebremariam,
Selam Birru,0945566778
Yohana Lemma,
Tsehay Tamiru,0918899001
Mekdes Asfaw,
Abeba Endale,0922233445
Getahun Hailemariam,
Fikadu Wolde,0935566778
Aster Getnet,
Teshome Birhan,0948899001
Wubalem Mekonnen,
Solomon Endris,0911122334
Emebet Fikremariam,
Bereket Gebeyehu,0924455667
Frehiwot Teferra,
Tigist Bekele,0937788990
Mesfin Girma,
Senait Teshome,0941122334
Elias Alemu,
Lidiya Yohannes,0914455667
Girma Tesfaye,
Woynishet Mengistu,0927788990
Daniel Hailu,
Hiwot Yimer,0931122334
Addisalem Dejene,
Meselech Gebremariam,0945566778
Tadesse Birru,
Roman Lemma,0918899001
Beza Tamiru,
Yeabsira Asfaw,0922233445
Selamawit Endale,
Nebiyu Hailemariam,0935566778
Emebet Wolde,
Tsinat Getnet,0948899001
Yared Birhan,
Genet Mekonnen,0911122334
Dawit Endris,
Sisay Fikremariam,0924455667
Hirut Gebeyehu,
Brook Teferra,0937788990
Kidist Bekele,
Amanuel Girma,0941122334
Tiruwork Teshome,
Meskerem Alemu,0914455667
Biniyam Yohannes,
Etenesh Tesfaye,0927788990
Zelalem Mengistu,
Wossen Hailu,0931122334
Esubalew Yimer,
Tirufelegn Dejene,0945566778
Selam Gebremariam,
Yohana Birru,0918899001
Tsehay Lemma,
Mekdes Tamiru,0922233445
Abeba Asfaw,
Getahun Endale,0935566778
Fikadu Hailemariam,
Aster Wolde,0948899001
Teshome Getnet,
Wubalem Birhan,0911122334
Solomon Mekonnen,
Emebet Endris,0924455667
Bereket Fikremariam,
Frehiwot Gebeyehu,0937788990
Tigist Teferra,
Mesfin Bekele,0941122334
Senait Girma,
Elias Teshome,0914455667
Lidiya Alemu,
Girma Yohannes,0927788990
Woynishet Tesfaye,
Daniel Mengistu,0931122334
Hiwot Hailu,
Addisalem Yimer,0945566778
Meselech Dejene,
Tadesse Gebremariam,0918899001
Roman Birru,
Beza Lemma,0922233445
Yeabsira Tamiru,
Selamawit Asfaw,0935566778
Nebiyu Endale,
Emebet Hailemariam,0948899001
Tsinat Wolde,
Yared Getnet,0911122334
Genet Birhan,
Dawit Mekonnen,0924455667
Sisay Endris,
Hirut Fikremariam,0937788990
Brook Gebeyehu,
Kidist Teferra,0941122334
Amanuel Bekele,
Tiruwork Girma,0914455667
Meskerem Teshome,
Biniyam Alemu,0927788990
Etenesh Yohannes,
Zelalem Tesfaye,0931122334
Wossen Mengistu,
Esubalew Hailu,0945566778
Tirufelegn Yimer,
Selam Dejene,0918899001
Yohana Gebremariam,
Tsehay Birru,0922233445
Mekdes Lemma,
Abeba Tamiru,0935566778
Getahun Asfaw,
Fikadu Endale,0948899001
Aster Hailemariam,
Teshome Wolde,0911122334
Wubalem Getnet,
Solomon Birhan,0924455667
Emebet Mekonnen,
Bereket Endris,0937788990
Frehiwot Fikremariam,
Tigist Gebeyehu,0941122334
Mesfin Teferra,
Senait Bekele,0914455667
Elias Girma,
Lidiya Teshome,0927788990
Girma Alemu,
Woynishet Yohannes,0931122334
Daniel Tesfaye,
Hiwot Mengistu,0945566778
Addisalem Hailu,
Meselech Yimer,0918899001
Tadesse Dejene,
Roman Gebremariam,0922233445
Beza Birru,
Yeabsira Lemma,0935566778
Selamawit Tamiru,
Nebiyu Asfaw,0948899001
Emebet Endale,
Tsinat Hailemariam,0911122334
Yared Wolde,
Genet Getnet,0924455667
Dawit Birhan,
Sisay Mekonnen,0937788990
Hirut Endris,
Brook Fikremariam,0941122334
Kidist Gebeyehu,
Amanuel Teferra,0914455667
Tiruwork Bekele,
Meskerem Girma,0927788990
Biniyam Teshome,
Etenesh Alemu,0931122334
Zelalem Yohannes,
Wossen Tesfaye,0945566778
Esubalew Mengistu,
Tirufelegn Hailu,0918899001
Selam Yimer,
Yohana Dejene,0922233445
Tsehay Gebremariam,
Mekdes Birru,0935566778
Abeba Lemma,
Getahun Tamiru,0948899001
Fikadu Asfaw,
Aster Endale,0911122334
Teshome Hailemariam,
Wubalem Wolde,0924455667
Solomon Getnet,
Emebet Birhan,0937788990
Bereket Mekonnen,
Frehiwot Endris,0941122334
Tigist Fikremariam,
Mesfin Gebeyehu,0914455667
Senait Teferra,
Elias Bekele,0927788990
Lidiya Girma,
Girma Teshome,0931122334
Woynishet Alemu,
Daniel Yohannes,0945566778
Hiwot Tesfaye,
Addisalem Mengistu,0918899001
Meselech Hailu,
Tadesse Yimer,0922233445
Roman Dejene,
Beza Gebremariam,0935566778
Yeabsira Birru,
Selamawit Lemma,0948899001
Nebiyu Tamiru,
Emebet Asfaw,0911122334
Tsinat Endale,
Yared Hailemariam,0924455667
Genet Wolde,
Dawit Getnet,0937788990
Sisay Birhan,
Hirut Mekonnen,0941122334
Brook Endris,
Kidist Fikremariam,0914455667
Amanuel Gebeyehu,
Tiruwork Teferra,0927788990
Meskerem Bekele,
Biniyam Girma,0931122334
Etenesh Teshome,
Zelalem Alemu,0945566778
Wossen Yohannes,
Esubalew Tesfaye,0918899001
Tirufelegn Mengistu,
Selam Hailu,0922233445
Yohana Yimer,
Tsehay Dejene,0935566778
Mekdes Gebremariam,
Abeba Birru,0948899001
Getahun Lemma,
Fikadu Tamiru,0911122334
Aster Asfaw,
Teshome Endale,0924455667
Wubalem Hailemariam,
Solomon Wolde,0937788990
Emebet Getnet,
Bereket Birhan,0941122334
Frehiwot Mekonnen,
Tigist Endris,0914455667
Mesfin Fikremariam,
Senait Gebeyehu,0927788990
Elias Teferra,
Lidiya Bekele,0931122334
Girma Girma,
Woynishet Teshome,0945566778
Daniel Alemu,
Hiwot Yohannes,0918899001
Addisalem Tesfaye,
Meselech Mengistu,0922233445
Tadesse Hailu,
Roman Yimer,0935566778
Beza Dejene,
Yeabsira Gebremariam,0948899001
Selamawit Birru,
Nebiyu Lemma,0911122334
Emebet Tamiru,
Tsinat Asfaw,0924455667
Yared Endale,
Genet Hailemariam,0937788990
Dawit Wolde,
Sisay Getnet,0941122334
Hirut Birhan,
Brook Mekonnen,0914455667
Kidist Endris,
Amanuel Fikremariam,0927788990
Tiruwork Gebeyehu,
Meskerem Teferra,0931122334
Biniyam Bekele,
Etenesh Girma,0945566778
Zelalem Teshome,
Wossen Alemu,0918899001
Esubalew Yohannes,
Tirufelegn Tesfaye,0922233445
Selam Mengistu,
Yohana Hailu,0935566778
Tsehay Yimer,
Mekdes Dejene,0948899001
Abeba Gebremariam,
Getahun Birru,0911122334
Fikadu Lemma,
Aster Tamiru,0924455667
Teshome Asfaw,
Wubalem Endale,0937788990
Solomon Hailemariam,
Emebet Wolde,0941122334
Bereket Getnet,
Frehiwot Birhan,0914455667
Tigist Mekonnen,
Mesfin Endris,0927788990
Senait Fikremariam,
Elias Gebeyehu,0931122334
Lidiya Teferra,
Girma Bekele,0945566778
Woynishet Girma,
Daniel Teshome,0918899001
Hiwot Alemu,
Addisalem Yohannes,0922233445
Meselech Tesfaye,
Tadesse Mengistu,0935566778
Roman Hailu,
Beza Yimer,0948899001
Yeabsira Dejene,
Selamawit Gebremariam,0911122334
Nebiyu Birru,
Emebet Lemma,0924455667
Tsinat Tamiru,
Yared Asfaw,0937788990
Genet Endale,
Dawit Hailemariam,0941122334
Sisay Wolde,
Hirut Getnet,0914455667
Brook Birhan,
Kidist Mekonnen,0927788990
Amanuel Endris,
Tiruwork Fikremariam,0931122334
Meskerem Gebeyehu,
Biniyam Teferra,0945566778
Etenesh Bekele,
Zelalem Girma,0918899001
Wossen Teshome,
Esubalew Alemu,0922233445
Tirufelegn Yohannes,
Selam Tesfaye,0935566778
Yohana Mengistu,
Tsehay Hailu,0948899001
Mekdes Yimer,
Abeba Dejene,0911122334
Getahun Gebremariam,
Fikadu Birru,0924455667
Aster Lemma,
Teshome Tamiru,0937788990
Wubalem Asfaw,
Solomon Endale,0941122334
Emebet Hailemariam,
Bereket Wolde,0914455667
Frehiwot Getnet,
Tigist Birhan,0927788990
Mesfin Mekonnen,
Senait Endris,0931122334
Elias Fikremariam,
Lidiya Gebeyehu,0945566778
Girma Teferra,
Woynishet Bekele,0918899001
Daniel Girma,
Hiwot Teshome,0922233445
Addisalem Alemu,
Meselech Yohannes,0935566778
Tadesse Tesfaye,
Roman Mengistu,0948899001
Beza Hailu,
Yeabsira Yimer,0911122334
Selamawit Dejene,
Nebiyu Gebremariam,0924455667
Emebet Birru,
Tsinat Lemma,0937788990
Yared Tamiru,
Genet Asfaw,0941122334
Dawit Endale,
Sisay Hailemariam,0914455667
Hirut Wolde,
Brook Getnet,0927788990
Kidist Birhan,
Amanuel Mekonnen,0931122334
Tiruwork Endris,
Meskerem Fikremariam,0945566778
Biniyam Gebeyehu,
Etenesh Teferra,0918899001
Zelalem Bekele,
Wossen Girma,0922233445
Esubalew Teshome,
Tirufelegn Alemu,0935566778
Selam Yohannes,
Yohana Tesfaye,0948899001
Tsehay Mengistu,
Mekdes Hailu,0911122334
Abeba Yimer,
Getahun Dejene,0924455667
Fikadu Gebremariam,
Aster Birru,0937788990
Teshome Lemma,
Wubalem Tamiru,0941122334
Solomon Asfaw,
Emebet Endale,0914455667
Bereket Hailemariam,
Frehiwot Wolde,0927788990
Tigist Getnet,
Mesfin Birhan,0931122334
Senait Mekonnen,
Elias Endris,0945566778
Lidiya Fikremariam,
Girma Gebeyehu,0918899001
Woynishet Teferra,
Daniel Bekele,0922233445
Hiwot Girma,
Addisalem Teshome,0935566778
Meselech Alemu,
Tadesse Yohannes,0948899001
Roman Tesfaye,
Beza Mengistu,0911122334
Yeabsira Hailu,
Selamawit Yimer,0924455667
Nebiyu Dejene,
Emebet Gebremariam,0937788990
Tsinat Birru,
Yared Lemma,0941122334
Genet Tamiru,
Dawit Asfaw,0914455667
Sisay Endale,
Hirut Hailemariam,0927788990
Brook Wolde,
Kidist Getnet,0931122334
Amanuel Birhan,
Tiruwork Mekonnen,0945566778
Meskerem Endris,
Biniyam Fikremariam,0918899001
Etenesh Gebeyehu,
Zelalem Teferra,0922233445
Wossen Bekele,
Esubalew Girma,0935566778
Tirufelegn Teshome,
Selam Alemu,0948899001
Yohana Yohannes,
Tsehay Tesfaye,0911122334
Mekdes Mengistu,
Abeba Hailu,0924455667
Getahun Yimer,
Fikadu Dejene,0937788990
Aster Gebremariam,
Teshome Birru,0941122334
Wubalem Lemma,
Solomon Tamiru,0914455667
Emebet Asfaw,
Bereket Endale,0927788990
Frehiwot Hailemariam,
Tigist Wolde,0931122334
Mesfin Getnet,
Senait Birhan,0945566778
Elias Mekonnen,
Lidiya Endris,0918899001
Girma Fikremariam,
Woynishet Gebeyehu,0922233445
Daniel Teferra,
Hiwot Bekele,0935566778
Addisalem Girma,
Meselech Teshome,0948899001
Tadesse Alemu,
Roman Yohannes,0911122334
Beza Tesfaye,
Yeabsira Mengistu,0924455667
Selamawit Hailu,
Nebiyu Yimer,0937788990
Emebet Dejene,
Tsinat Gebremariam,0941122334
Yared Birru,
Genet Lemma,0914455667
Dawit Tamiru,
Sisay Asfaw,0927788990
Hirut Endale,
Brook Hailemariam,0931122334
Kidist Wolde,
Amanuel Getnet,0945566778
Tiruwork Birhan,
Meskerem Mekonnen,0918899001
Biniyam Endris,
Etenesh Fikremariam,0922233445
Zelalem Gebeyehu,
Wossen Teferra,0935566778
Esubalew Bekele,
Tirufelegn Girma,0948899001
Selam Teshome,
Yohana Alemu,0911122334
Tsehay Yohannes,
Mekdes Tesfaye,0924455667
Abeba Mengistu,
Getahun Hailu,0937788990
Fikadu Yimer,
Aster Dejene,0941122334
Teshome Gebremariam,
Wubalem Birru,0914455667
Solomon Lemma,
Emebet Tamiru,0927788990
Bereket Asfaw,
Frehiwot Endale,0931122334
Tigist Hailemariam,
Mesfin Wolde,0945566778
Senait Getnet,
Elias Birhan,0918899001
Lidiya Mekonnen,
Girma Endris,0922233445
Woynishet Fikremariam,
Daniel Gebeyehu,0935566778
Hiwot Teferra,
Addisalem Bekele,0948899001
Meselech Girma,
Tadesse Teshome,0911122334
Roman Alemu,
Beza Yohannes,0924455667
Yeabsira Tesfaye,
Selamawit Mengistu,0937788990
Nebiyu Hailu,
Emebet Yimer,0941122334
Tsinat Dejene,
Yared Gebremariam,0914455667
Genet Birru,
Dawit Lemma,0927788990
Sisay Tamiru,
Hirut Asfaw,0931122334
Brook Endale,
Kidist Hailemariam,0945566778
Amanuel Wolde,
Tiruwork Getnet,0918899001
Meskerem Birhan,
Biniyam Mekonnen,0922233445
Etenesh Endris,
Zelalem Fikremariam,0935566778
Wossen Gebeyehu,
Esubalew Teferra,0948899001
Tirufelegn Bekele,
Selam Girma,0911122334
Yohana Teshome,
Tsehay Alemu,0924455667
Mekdes Yohannes,
Abeba Tesfaye,0937788990
Getahun Mengistu,
Fikadu Hailu,0941122334
Aster Yimer,
Teshome Dejene,0914455667
Wubalem Gebremariam,
Solomon Birru,0927788990
Emebet Lemma,
Bereket Tamiru,0931122334
Frehiwot Asfaw,
Tigist Endale,0945566778
Mesfin Hailemariam,
Senait Wolde,0918899001
Elias Getnet,
Lidiya Birhan,0922233445
Girma Mekonnen,
Woynishet Endris,0935566778
Daniel Fikremariam,
Hiwot Gebeyehu,0948899001
Addisalem Teferra,
Meselech Bekele,0911122334
Tadesse Girma,
Roman Teshome,0924455667
Beza Alemu,
Yeabsira Yohannes,0937788990
Selamawit Tesfaye,
Nebiyu Mengistu,0941122334
Emebet Hailu,
Tsinat Yimer,0914455667
Yared Dejene,
Genet Gebremariam,0927788990
Dawit Birru,
Sisay Lemma,0931122334
Hirut Tamiru,
Brook Asfaw,0945566778
Kidist Endale,
Amanuel Hailemariam,0918899001
Tiruwork Wolde,
Meskerem Getnet,0922233445
Biniyam Birhan,
Etenesh Mekonnen,0935566778
Zelalem Endris,
Wossen Fikremariam,0948899001
Esubalew Gebeyehu,
Tirufelegn Teferra,0911122334
Selam Bekele,
Yohana Girma,0924455667
Tsehay Teshome,
Mekdes Alemu,0937788990
Abeba Yohannes,
Getahun Tesfaye,0941122334
Fikadu Mengistu,
Aster Hailu,0914455667
Teshome Yimer,
Wubalem Dejene,0927788990
Solomon Gebremariam,
Emebet Birru,0931122334
Bereket Lemma,
Frehiwot Tamiru,0945566778
Tigist Asfaw,
Mesfin Endale,0918899001
Senait Hailemariam,
Elias Wolde,0922233445
Lidiya Getnet,
Girma Birhan,0935566778
Woynishet Mekonnen,
Daniel Endris,0948899001
Hiwot Fikremariam,
Addisalem Gebeyehu,0911122334
Meselech Teferra,
Tadesse Bekele,0924455667
Roman Girma,
Beza Teshome,0937788990
Yeabsira Alemu,
Selamawit Yohannes,0941122334
Nebiyu Tesfaye,
Emebet Mengistu,0914455667
Tsinat Hailu,
Yared Yimer,0927788990
Genet Dejene,
Dawit Gebremariam,0931122334
Sisay Birru,
Hirut Lemma,0945566778
Brook Tamiru,
Kidist Asfaw,0918899001
Amanuel Endale,
Tiruwork Hailemariam,0922233445
Meskerem Wolde,
Biniyam Getnet,0935566778
Etenesh Birhan,
Zelalem Mekonnen,0948899001
Wossen Endris,
Esubalew Fikremariam,0911122334
Tirufelegn Gebeyehu,
Selam Teferra,0924455667
Yohana Bekele,
Tsehay Girma,0937788990
Mekdes Teshome,
Abeba Alemu,0941122334
Getahun Yohannes,
Fikadu Tesfaye,0914455667
Aster Mengistu,
Teshome Hailu,0927788990
Wubalem Yimer,
Solomon Dejene,0931122334
Emebet Gebremariam,
Bereket Birru,0945566778
Frehiwot Lemma,
Tigist Tamiru,0918899001
Mesfin Asfaw,
Senait Endale,0922233445
Elias Hailemariam,
Lidiya Wolde,0935566778
Girma Getnet,
Woynishet Birhan,0948899001
Daniel Mekonnen,
Hiwot Endris,0911122334
Addisalem Fikremariam,
Meselech Gebeyehu,0924455667
Tadesse Teferra,
Roman Bekele,0937788990
Beza Girma,
Yeabsira Teshome,0941122334
Selamawit Alemu,
Nebiyu Yohannes,0914455667
Emebet Tesfaye,
Tsinat Mengistu,0927788990
Yared Hailu,
Genet Yimer,0931122334
Dawit Dejene,
Sisay Gebremariam,0945566778
Hirut Birru,
Brook Lemma,0918899001
Kidist Tamiru,
Amanuel Asfaw,0922233445
Tiruwork Endale,
Meskerem Hailemariam,0935566778
Biniyam Wolde,
Etenesh Getnet,0948899001
Zelalem Birhan,
Wossen Mekonnen,0911122334
Esubalew Endris,
Tirufelegn Fikremariam,0924455667
Selam Gebeyehu,
Yohana Teferra,0937788990
Tsehay Bekele,
Mekdes Girma,0941122334
Abeba Teshome,
Getahun Alemu,0914455667
Fikadu Yohannes,
Aster Tesfaye,0927788990
Teshome Mengistu,
Wubalem Hailu,0931122334
Solomon Yimer,
Emebet Dejene,0945566778
Bereket Gebremariam,
Frehiwot Birru,0918899001
Tigist Lemma,
Mesfin Tamiru,0922233445
Senait Asfaw,
Elias Endale,0935566778
Lidiya Hailemariam,
Girma Wolde,0948899001
Woynishet Getnet,
Daniel Birhan,0911122334
Hiwot Mekonnen,
Addisalem Endris,0924455667
Meselech Fikremariam,
Tadesse Gebeyehu,0937788990
Roman Teferra,
Beza Bekele,0941122334
Yeabsira Girma,
Selamawit Teshome,0914455667
Nebiyu Alemu,
Emebet Yohannes,0927788990
Tsinat Tesfaye,
Yared Mengistu,0931122334
Genet Hailu,
Dawit Yimer,0945566778
Sisay Dejene,
Hirut Gebremariam,0918899001
Brook Birru,
Kidist Lemma,0922233445
Amanuel Tamiru,
Tiruwork Asfaw,0935566778
Meskerem Endale,
Biniyam Hailemariam,0948899001
Etenesh Wolde,
Zelalem Getnet,0911122334
Wossen Birhan,
Esubalew Mekonnen,0924455667
Tirufelegn Endris,
Selam Fikremariam,0937788990
Yohana Gebeyehu,
Tsehay Teferra,0941122334
Mekdes Bekele,
Abeba Girma,0914455667
Getahun Teshome,
Fikadu Alemu,0927788990
Aster Yohannes,
Teshome Tesfaye,0931122334
Wubalem Mengistu,
Solomon Hailu,0945566778
Emebet Yimer,
Bereket Dejene,0918899001
Frehiwot Gebremariam,
Tigist Birru,0922233445
Mesfin Lemma,
Senait Tamiru,0935566778
Elias Asfaw,
Lidiya Endale,0948899001
Girma Hailemariam,
Woynishet Wolde,0911122334
Daniel Getnet,
Hiwot Birhan,0924455667
Addisalem Mekonnen,
Meselech Endris,0937788990
Tadesse Fikremariam,
Roman Gebeyehu,0941122334
Beza Teferra,
Yeabsira Bekele,0914455667
Selamawit Girma,
Nebiyu Teshome,0927788990
Emebet Alemu,
Tsinat Yohannes,0931122334
Yared Tesfaye,
Genet Mengistu,0945566778
Dawit Hailu,
Sisay Yimer,0918899001
Hirut Dejene,
Brook Gebremariam,0922233445
Kidist Birru,
Amanuel Lemma,0935566778
Tiruwork Tamiru,
Meskerem Asfaw,0948899001
Biniyam Endale,
Etenesh Hailemariam,0911122334
Zelalem Wolde,
Wossen Getnet,0924455667
Esubalew Birhan,
Tirufelegn Mekonnen,0937788990
Selam Endris,
Yohana Fikremariam,0941122334
Tsehay Gebeyehu,
Mekdes Teferra,0914455667
Abeba Bekele,
Getahun Girma,0927788990
Fikadu Teshome,
Aster Alemu,0931122334
Teshome Yohannes,
Wubalem Tesfaye,0945566778
Solomon Mengistu,
Emebet Hailu,0918899001
Bereket Yimer,
Frehiwot Dejene,0922233445
Tigist Gebremariam,
Mesfin Birru,0935566778
Senait Lemma,
Elias Tamiru,0948899001
Lidiya Asfaw,
Girma Endale,0911122334
Woynishet Hailemariam,
Daniel Wolde,0924455667
Hiwot Getnet,
Addisalem Birhan,0937788990
Meselech Mekonnen,
Tadesse Endris,0941122334
Roman Fikremariam,
Beza Gebeyehu,0914455667
Yeabsira Teferra,
Selamawit Bekele,0927788990
Nebiyu Girma,
Emebet Teshome,0931122334
Tsinat Alemu,
Yared Yohannes,0945566778
Genet Tesfaye,
Dawit Mengistu,0918899001
Sisay Hailu,
Hirut Yimer,0922233445
Brook Dejene,
Kidist Gebremariam,0935566778
Amanuel Birru,
Tiruwork Lemma,0948899001
Meskerem Tamiru,
Biniyam Asfaw,0911122334
Etenesh Endale,
Zelalem Hailemariam,0924455667
Wossen Wolde,
Esubalew Getnet,0937788990
Tirufelegn Birhan,
Selam Mekonnen,0941122334
Yohana Endris,
Tsehay Fikremariam,0914455667
Mekdes Gebeyehu,
Abeba Teferra,0927788990
Getahun Bekele,
Fikadu Girma,0931122334
Aster Teshome,
Teshome Alemu,0945566778
Wubalem Yohannes,
Solomon Tesfaye,0918899001
Emebet Mengistu,
Bereket Hailu,0922233445
Frehiwot Yimer,
Tigist Dejene,0935566778
Mesfin Gebremariam,
Senait Birru,0948899001
Elias Lemma,
Lidiya Tamiru,0911122334
Girma Asfaw,
Woynishet Endale,0924455667
Daniel Hailemariam,
Hiwot Wolde,0937788990
Addisalem Getnet,
Meselech Birhan,0941122334
Tadesse Mekonnen,
Roman Endris,0914455667
Beza Fikremariam,
Yeabsira Gebeyehu,0927788990
Selamawit Teferra,
Nebiyu Bekele,0931122334
Emebet Girma,
Tsinat Teshome,0945566778
Yared Alemu,
Genet Yohannes,0918899001
Dawit Tesfaye,
Sisay Mengistu,0922233445
Hirut Hailu,
Brook Yimer,0935566778
Kidist Dejene,
Amanuel Gebremariam,0948899001
Tiruwork Birru,
Meskerem Lemma,0911122334
Biniyam Tamiru,
Etenesh Asfaw,0924455667
Zelalem Endale,
Wossen Hailemariam,0937788990
Esubalew Wolde,
Tirufelegn Getnet,0941122334
Selam Birhan,
Yohana Mekonnen,0914455667
Tsehay Endris,
Mekdes Fikremariam,0927788990
Abeba Gebeyehu,
Getahun Teferra,0931122334
Fikadu Bekele,
Aster Girma,0945566778
Teshome Teshome,0918899001
Wubalem Alemu,
Solomon Yohannes,0922233445
Emebet Tesfaye,
Bereket Mengistu,0935566778
Frehiwot Hailu,
Tigist Yimer,0948899001
Mesfin Dejene,
Senait Gebremariam,0911122334
Elias Birru,
Lidiya Lemma,0924455667
Girma Tamiru,
Woynishet Asfaw,0937788990
Daniel Endale,
Hiwot Hailemariam,0941122334
Addisalem Wolde,
Meselech Getnet,0914455667
Tadesse Birhan,
Roman Mekonnen,0927788990
Beza Endris,
Yeabsira Fikremariam,0931122334
Selamawit Gebeyehu,
Nebiyu Teferra,0945566778
Emebet Bekele,
Tsinat Girma,0918899001
Yared Teshome,
Genet Alemu,0922233445
Dawit Yohannes,
Sisay Tesfaye,0935566778
Hirut Mengistu,
Brook Hailu,0948899001
Kidist Yimer,
Amanuel Dejene,0911122334
Tiruwork Gebremariam,
Meskerem Birru,0924455667
Biniyam Lemma,
Etenesh Tamiru,0937788990
Zelalem Asfaw,
Wossen Endale,0941122334
Esubalew Hailemariam,
Tirufelegn Wolde,0914455667
Selam Getnet,
Yohana Birhan,0927788990
Tsehay Mekonnen,
Mekdes Endris,0931122334
Abeba Fikremariam,
Getahun Gebeyehu,0945566778
Fikadu Teferra,
Aster Bekele,0918899001
Teshome Girma,
Wubalem Teshome,0922233445
Solomon Alemu,
Emebet Yohannes,0935566778
Bereket Tesfaye,
Frehiwot Mengistu,0948899001
Tigist Hailu,
Mesfin Yimer,0911122334
Senait Dejene,
Elias Gebremariam,0924455667
Lidiya Birru,
Girma Lemma,0937788990
Woynishet Tamiru,
Daniel Asfaw,0941122334
Hiwot Endale,
Addisalem Hailemariam,0914455667
Meselech Wolde,
Tadesse Getnet,0927788990
Roman Birhan,
Beza Mekonnen,0931122334
Yeabsira Endris,
Selamawit Fikremariam,0945566778
Nebiyu Gebeyehu,
Emebet Teferra,0918899001
Tsinat Bekele,
Yared Girma,0922233445
Genet Teshome,
Dawit Alemu,0935566778
Sisay Yohannes,
Hirut Tesfaye,0948899001
Brook Mengistu,
Kidist Hailu,0911122334
Amanuel Yimer,
Tiruwork Dejene,0924455667
Meskerem Gebremariam,
Biniyam Birru,0937788990
Etenesh Lemma,
Zelalem Tamiru,0941122334
Wossen Asfaw,
Esubalew Endale,0914455667
Tirufelegn Hailemariam,
Selam Wolde,0927788990
Yohana Getnet,
Tsehay Birhan,0931122334
Mekdes Mekonnen,
Abeba Endris,0945566778
Getahun Fikremariam,
Fikadu Gebeyehu,0918899001
Aster Teferra,
Teshome Bekele,0922233445
Wubalem Girma,
Solomon Teshome,0935566778
Emebet Alemu,
Bereket Yohannes,0948899001
Frehiwot Tesfaye,
Tigist Mengistu,0911122334
Mesfin Hailu,
Senait Yimer,0924455667
Elias Dejene,
Lidiya Gebremariam,0937788990
Girma Birru,
Woynishet Lemma,0941122334
Daniel Tamiru,
Hiwot Asfaw,0914455667
Addisalem Endale,
Meselech Hailemariam,0927788990
Tadesse Wolde,
Roman Getnet,0931122334
Beza Birhan,
Yeabsira Mekonnen,0945566778
Selamawit Endris,
Nebiyu Fikremariam,0918899001
Emebet Gebeyehu,
Tsinat Teferra,0922233445
Yared Bekele,
Genet Girma,0935566778
Dawit Teshome,
Sisay Alemu,0948899001
Hirut Yohannes,
Brook Tesfaye,0911122334
Kidist Mengistu,
Amanuel Hailu,0924455667
Tiruwork Yimer,
Meskerem Dejene,0937788990
Biniyam Gebremariam,
Etenesh Birru,0941122334
Zelalem Lemma,
Wossen Tamiru,0914455667
Esubalew Asfaw,
Tirufelegn Endale,0927788990
Selam Hailemariam,
Yohana Wolde,0931122334
Tsehay Getnet,
Mekdes Birhan,0945566778
Abeba Mekonnen,
Getahun Endris,0918899001
Fikadu Fikremariam,
Aster Gebeyehu,0922233445
Teshome Teferra,
Wubalem Bekele,0935566778
Solomon Girma,
Emebet Teshome,0948899001
Bereket Alemu,
Frehiwot Yohannes,0911122334
Tigist Tesfaye,
Mesfin Mengistu,0924455667
Senait Hailu,
Elias Yimer,0937788990
Lidiya Dejene,
Girma Gebremariam,0941122334
Woynishet Birru,
Daniel Lemma,0914455667
Hiwot Tamiru,
Addisalem Asfaw,0927788990
Meselech Endale,
Tadesse Hailemariam,0931122334
Roman Wolde,
Beza Getnet,0945566778
Yeabsira Birhan,
Selamawit Mekonnen,0918899001
Nebiyu Endris,
Emebet Fikremariam,0922233445
Tsinat Gebeyehu,
Yared Teferra,0935566778
Genet Bekele,
Dawit Girma,0948899001
Sisay Teshome,
Hirut Alemu,0911122334
Brook Yohannes,
Kidist Tesfaye,0924455667
Amanuel Mengistu,
Tiruwork Hailu,0937788990
Meskerem Yimer,
Biniyam Dejene,0941122334
Etenesh Gebremariam,
Zelalem Birru,0914455667
Wossen Lemma,
Esubalew Tamiru,0927788990
Tirufelegn Asfaw,
Selam Endale,0931122334
Yohana Hailemariam,
Tsehay Wolde,0945566778
Mekdes Getnet,
Abeba Birhan,0918899001
Getahun Mekonnen,
Fikadu Endris,0922233445
Aster Fikremariam,
Teshome Gebeyehu,0935566778
Wubalem Teferra,
Solomon Bekele,0948899001
Emebet Girma,
Bereket Teshome,0911122334
Frehiwot Alemu,
Tigist Yohannes,0924455667
Mesfin Tesfaye,
Senait Mengistu,0937788990
Elias Hailu,
Lidiya Yimer,0941122334
Girma Dejene,
Woynishet Gebremariam,0914455667
Daniel Birru,
Hiwot Lemma,0927788990
Addisalem Tamiru,
Meselech Asfaw,0931122334
Tadesse Endale,
Roman Hailemariam,0945566778
Beza Wolde,
Yeabsira Getnet,0918899001
Selamawit Birhan,
Nebiyu Mekonnen,0922233445
Emebet Endris,
Tsinat Fikremariam,0935566778
Yared Gebeyehu,
Genet Teferra,0948899001
Dawit Bekele,
Sisay Girma,0911122334
Hirut Teshome,
Brook Alemu,0924455667
Kidist Yohannes,
Amanuel Tesfaye,0937788990
Tiruwork Mengistu,
Meskerem Hailu,0941122334
Biniyam Yimer,
Etenesh Dejene,0914455667
Zelalem Gebremariam,
Wossen Birru,0927788990
Esubalew Lemma,
Tirufelegn Tamiru,0931122334
Selam Asfaw,
Yohana Endale,0945566778
Tsehay Hailemariam,
Mekdes Wolde,0918899001
Abeba Getnet,
Getahun Birhan,0922233445
Fikadu Mekonnen,
Aster Endris,0935566778
Teshome Fikremariam,
Wubalem Gebeyehu,0948899001
Solomon Teferra,
Emebet Bekele,0911122334
Bereket Girma,
Frehiwot Teshome,0924455667
Tigist Alemu,
Mesfin Yohannes,0937788990
Senait Tesfaye,
Elias Mengistu,0941122334
Lidiya Hailu,
Girma Yimer,0914455667
Woynishet Dejene,
Daniel Gebremariam,0927788990
Hiwot Birru,
Addisalem Lemma,0931122334
Meselech Tamiru,
Tadesse Asfaw,0945566778
Roman Endale,
Beza Hailemariam,0918899001
Yeabsira Wolde,
Selamawit Getnet,0922233445
Nebiyu Birhan,
Emebet Mekonnen,0935566778
Tsinat Endris,
Yared Fikremariam,0948899001
Genet Gebeyehu,
Dawit Teferra,0911122334
Sisay Bekele,
Hirut Girma,0924455667
Brook Teshome,
Kidist Alemu,0937788990
Amanuel Yohannes,
Tiruwork Tesfaye,0941122334
Meskerem Mengistu,
Biniyam Hailu,0914455667
Etenesh Yimer,
Zelalem Dejene,0927788990
Wossen Gebremariam,
Esubalew Birru,0931122334
Tirufelegn Lemma,
Selam Tamiru,0945566778
Yohana Asfaw,
Tsehay Endale,0918899001
Mekdes Hailemariam,
Abeba Wolde,0922233445
Getahun Getnet,
Fikadu Birhan,0935566778
Aster Mekonnen,
Teshome Endris,0948899001
Wubalem Fikremariam,
Solomon Gebeyehu,0911122334
Emebet Teferra,
Bereket Bekele,0924455667
Frehiwot Girma,
Tigist Teshome,0937788990
Mesfin Alemu,
Senait Yohannes,0941122334
Elias Tesfaye,
Lidiya Mengistu,0914455667
Girma Hailu,
Woynishet Yimer,0927788990
Daniel Dejene,
Hiwot Gebremariam,0931122334
Addisalem Birru,
Meselech Lemma,0945566778
Tadesse Tamiru,
Roman Asfaw,0918899001
Beza Endale,
Yeabsira Hailemariam,0922233445
Selamawit Wolde,
Nebiyu Getnet,0935566778
Emebet Birhan,
Tsinat Mekonnen,0948899001
Yared Endris,
Genet Fikremariam,0911122334
Dawit Gebeyehu,
Sisay Teferra,0924455667
Hirut Bekele,
Brook Girma,0937788990
Kidist Teshome,
Amanuel Alemu,0941122334
Tiruwork Yohannes,
Meskerem Tesfaye,0914455667
Biniyam Mengistu,
Etenesh Hailu,0927788990
Zelalem Yimer,
Wossen Dejene,0931122334
Esubalew Gebremariam,
Tirufelegn Birru,0945566778
Selam Lemma,
Yohana Tamiru,0918899001
Tsehay Asfaw,
Mekdes Endale,0922233445
Abeba Hailemariam,
Getahun Wolde,0935566778
Fikadu Getnet,
Aster Birhan,0948899001
Teshome Mekonnen,
Wubalem Endris,0911122334
Solomon Fikremariam,
Emebet Gebeyehu,0924455667
Bereket Teferra,
Frehiwot Bekele,0937788990
Tigist Girma,
Mesfin Teshome,0941122334
Senait Alemu,
Elias Yohannes,0914455667
Lidiya Tesfaye,
Girma Mengistu,0927788990
Woynishet Hailu,
Daniel Yimer,0931122334
Hiwot Dejene,
Addisalem Gebremariam,0945566778
Meselech Birru,
Tadesse Lemma,0918899001
Roman Tamiru,
Beza Asfaw,0922233445
Yeabsira Endale,
Selamawit Hailemariam,0935566778
Nebiyu Wolde,
Emebet Getnet,0948899001
Tsinat Birhan,
Yared Mekonnen,0911122334
Genet Endris,
Dawit Fikremariam,0924455667
Sisay Gebeyehu,
Hirut Teferra,0937788990
Brook Bekele,
Kidist Girma,0941122334
Amanuel Teshome,
Tiruwork Alemu,0914455667
Meskerem Yohannes,
Biniyam Tesfaye,0927788990
Etenesh Mengistu,
Zelalem Hailu,0931122334
Wossen Yimer,
Esubalew Dejene,0945566778
Tirufelegn Gebremariam,
Selam Birru,0918899001
Yohana Lemma,
Tsehay Tamiru,0922233445
Mekdes Asfaw,
Abeba Endale,0935566778
Getahun Hailemariam,
Fikadu Wolde,0948899001
Aster Getnet,
Teshome Birhan,0911122334
Wubalem Mekonnen,
Solomon Endris,0924455667
Emebet Fikremariam,
Bereket Gebeyehu,0937788990
Frehiwot Teferra,
Tigist Bekele,0941122334
Mesfin Girma,
Senait Teshome,0914455667
Elias Alemu,
Lidiya Yohannes,0927788990
Girma Tesfaye,
Woynishet Mengistu,0931122334
Daniel Hailu,
Hiwot Yimer,0945566778
Addisalem Dejene,
Meselech Gebremariam,0918899001
Tadesse Birru,
Roman Lemma,0922233445
Beza Tamiru,
Yeabsira Asfaw,0935566778
Selamawit Endale,
Nebiyu Hailemariam,0948899001
Emebet Wolde,
Tsinat Getnet,0911122334
Yared Birhan,
Genet Mekonnen,0924455667
Dawit Endris,
Sisay Fikremariam,0937788990
Hirut Gebeyehu,
Brook Teferra,0941122334
Kidist Bekele,
Amanuel Girma,0914455667
Tiruwork Teshome,
Meskerem Alemu,0927788990
Biniyam Yohannes,
Etenesh Tesfaye,0931122334
Zelalem Mengistu,
Wossen Hailu,0945566778
Esubalew Yimer,
Tirufelegn Dejene,0918899001
Selam Gebremariam,
Yohana Birru,0922233445
Tsehay Lemma,
Mekdes Tamiru,0935566778
Abeba Asfaw,
Getahun Endale,0948899001
Fikadu Hailemariam,
Aster Wolde,0911122334
Teshome Getnet,
Wubalem Birhan,0924455667
Solomon Mekonnen,
Emebet Endris,0937788990
Bereket Fikremariam,
Frehiwot Gebeyehu,0941122334
Tigist Teferra,
Mesfin Bekele,0914455667
Senait Girma,
Elias Teshome,0927788990
Lidiya Alemu,
Girma Yohannes,0931122334
Woynishet Tesfaye,
Daniel Mengistu,0945566778
Hiwot Hailu,
Addisalem Yimer,0918899001
Meselech Dejene,
Tadesse Gebremariam,0922233445
Roman Birru,
Beza Lemma,0935566778
Yeabsira Tamiru,
Selamawit Asfaw,0948899001
Nebiyu Endale,
Emebet Hailemariam,0911122334
Tsinat Wolde,
Yared Getnet,0924455667
Genet Birhan,
Dawit Mekonnen,0937788990
Sisay Endris,
Hirut Fikremariam,0941122334
Brook Gebeyehu,
Kidist Teferra,0914455667
Amanuel Bekele,
Tiruwork Girma,0927788990
Meskerem Teshome,
Biniyam Alemu,0931122334
Etenesh Yohannes,
Zelalem Tesfaye,0945566778
Wossen Mengistu,
Esubalew Hailu,0918899001
Tirufelegn Yimer,
Selam Dejene,0922233445
Yohana Gebremariam,
Tsehay Birru,0935566778
Mekdes Lemma,
Abeba Tamiru,0948899001
Getahun Asfaw,
Fikadu Endale,0911122334
Aster Hailemariam,
Teshome Wolde,0924455667
Wubalem Getnet,
Solomon Birhan,0937788990
Emebet Mekonnen,
Bereket Endris,0941122334
Frehiwot Fikremariam,
Tigist Gebeyehu,0914455667
Mesfin Teferra,
Senait Bekele,0927788990
Elias Girma,
Lidiya Teshome,0931122334
Girma Alemu,
Woynishet Yohannes,0945566778
Daniel Tesfaye,
Hiwot Mengistu,0918899001
Addisalem Hailu,
Meselech Yimer,0922233445
Tadesse Dejene,
Roman Gebremariam,0935566778
Beza Birru,
Yeabsira Lemma,0948899001
Selamawit Tamiru,
Nebiyu Asfaw,0911122334
Emebet Endale,
Tsinat Hailemariam,0924455667
Yared Wolde,
Genet Getnet,0937788990
Dawit Birhan,
Sisay Mekonnen,0941122334
Hirut Endris,
Brook Fikremariam,0914455667
Kidist Gebeyehu,
Amanuel Teferra,0927788990
Tiruwork Bekele,
Meskerem Girma,0931122334
Biniyam Teshome,
Etenesh Alemu,0945566778
Zelalem Yohannes,
Wossen Tesfaye,0918899001
Esubalew Mengistu,
Tirufelegn Hailu,0922233445
Selam Yimer,
Yohana Dejene,0935566778
Tsehay Gebremariam,
Mekdes Birru,0948899001
Abeba Lemma,
Getahun Tamiru,0911122334
Fikadu Asfaw,
Aster Endale,0924455667
Teshome Hailemariam,
Wubalem Wolde,0937788990
Solomon Getnet,
Emebet Birhan,0941122334
Bereket Mekonnen,
Frehiwot Endris,0914455667
Tigist Fikremariam,
Mesfin Gebeyehu,0927788990
Senait Teferra,
Elias Bekele,0931122334
Lidiya Girma,
Girma Teshome,0945566778
Woynishet Alemu,
Daniel Yohannes,0918899001
Hiwot Tesfaye,
Addisalem Mengistu,0922233445
Meselech Hailu,
Tadesse Yimer,0935566778
Roman Dejene,
Beza Gebremariam,0948899001
Yeabsira Birru,
Selamawit Lemma,0911122334
Nebiyu Tamiru,
Emebet Asfaw,0924455667
Tsinat Endale,
Yared Hailemariam,0937788990
Genet Wolde,
Dawit Getnet,0941122334
Sisay Birhan,
Hirut Mekonnen,0914455667
Brook Endris,
Kidist Fikremariam,0927788990
Amanuel Gebeyehu,
Tiruwork Teferra,0931122334
Meskerem Bekele,
Biniyam Girma,0945566778
Etenesh Teshome,
Zelalem Alemu,0918899001
Wossen Yohannes,
Esubalew Tesfaye,0922233445
Tirufelegn Mengistu,
Selam Hailu,0935566778
Yohana Yimer,
Tsehay Dejene,0948899001
Mekdes Gebremariam,
Abeba Birru,0911122334
Getahun Lemma,
Fikadu Tamiru,0924455667
Aster Asfaw,
Teshome Endale,0937788990
Wubalem Hailemariam,
Solomon Wolde,0941122334
Emebet Getnet,
Bereket Birhan,0914455667
Frehiwot Mekonnen,
Tigist Endris,0927788990
Mesfin Fikremariam,
Senait Gebeyehu,0931122334
Elias Teferra,
Lidiya Bekele,0945566778
Girma Girma,
Woynishet Teshome,0918899001
Daniel Alemu,
Hiwot Yohannes,0922233445
Addisalem Tesfaye,
Meselech Mengistu,0935566778
Tadesse Hailu,
Roman Yimer,0948899001
Beza Dejene,
Yeabsira Gebremariam,0911122334
Selamawit Birru,
Nebiyu Lemma,0924455667
Emebet Tamiru,
Tsinat Asfaw,0937788990
Yared Endale,
Genet Hailemariam,0941122334
Dawit Wolde,
Sisay Getnet,0914455667
Hirut Birhan,
Brook Mekonnen,0927788990
Kidist Endris,
Amanuel Fikremariam,0931122334
Tiruwork Gebeyehu,
Meskerem Teferra,0945566778
Biniyam Bekele,
Etenesh Girma,0918899001
Zelalem Teshome,
Wossen Alemu,0922233445
Esubalew Yohannes,
Tirufelegn Tesfaye,0935566778
Selam Mengistu,
Yohana Hailu,0948899001
Tsehay Yimer,
Mekdes Dejene,0911122334
Abeba Gebremariam,
Getahun Birru,0924455667
Fikadu Lemma,
Aster Tamiru,0937788990
Teshome Asfaw,
Wubalem Endale,0941122334
Solomon Hailemariam,
Emebet Wolde,0914455667
Bereket Getnet,
Frehiwot Birhan,0927788990
Tigist Mekonnen,
Mesfin Endris,0931122334
Senait Fikremariam,
Elias Gebeyehu,0945566778
Lidiya Teferra,
Girma Bekele,0918899001
Woynishet Girma,
Daniel Teshome,0922233445
Hiwot Alemu,
Addisalem Yohannes,0935566778
Meselech Tesfaye,
Tadesse Mengistu,0948899001
Roman Hailu,
Beza Yimer,0911122334
Yeabsira Dejene,
Selamawit Gebremariam,0924455667
Nebiyu Birru,
Emebet Lemma,0937788990
Tsinat Tamiru,
Yared Asfaw,0941122334
Genet Endale,
Dawit Hailemariam,0914455667
Sisay Wolde,
Hirut Getnet,0927788990
Brook Birhan,
Kidist Mekonnen,0931122334
Amanuel Endris,
Tiruwork Fikremariam,0945566778
Meskerem Gebeyehu,
Biniyam Teferra,0918899001
Etenesh Bekele,
Zelalem Girma,0922233445
Wossen Teshome,
Esubalew Alemu,0935566778
Tirufelegn Yohannes,
Selam Tesfaye,0948899001
Yohana Mengistu,
Tsehay Hailu,0911122334
Mekdes Yimer,
Abeba Dejene,0924455667
Getahun Gebremariam,
Fikadu Birru,0937788990
Aster Lemma,
Teshome Tamiru,0941122334
Wubalem Asfaw,
Solomon Endale,0914455667
Emebet Hailemariam,
Bereket Wolde,0927788990
Frehiwot Getnet,
Tigist Birhan,0931122334
Mesfin Mekonnen,
Senait Endris,0945566778
Elias Fikremariam,
Lidiya Gebeyehu,0918899001
Girma Teferra,
Woynishet Bekele,0922233445
Daniel Girma,
Hiwot Teshome,0935566778
Addisalem Alemu,
Meselech Yohannes,0948899001
Tadesse Tesfaye,
Roman Mengistu,0911122334
Beza Hailu,
Yeabsira Yimer,0924455667
Selamawit Dejene,
Nebiyu Gebremariam,0937788990
Emebet Birru,
Tsinat Lemma,0941122334
Yared Tamiru,
Genet Asfaw,0914455667
Dawit Endale,
Sisay Hailemariam,0927788990
Hirut Wolde,
Brook Getnet,0931122334
Kidist Birhan,
Amanuel Mekonnen,0945566778
Tiruwork Endris,
Meskerem Fikremariam,0918899001
Biniyam Gebeyehu,
Etenesh Teferra,0922233445
Zelalem Bekele,
Wossen Girma,0935566778
Esubalew Teshome,
Tirufelegn Alemu,0948899001
Selam Yohannes,
Yohana Tesfaye,0911122334
Tsehay Mengistu,
Mekdes Hailu,0924455667
Abeba Yimer,
Getahun Dejene,0937788990
Fikadu Gebremariam,
Aster Birru,0941122334
Teshome Lemma,
Wubalem Tamiru,0914455667
Solomon Asfaw,
Emebet Endale,0927788990
Bereket Hailemariam,
Frehiwot Wolde,0931122334
Tigist Getnet,
Mesfin Birhan,0945566778
Senait Mekonnen,
Elias Endris,0918899001
Lidiya Fikremariam,
Girma Gebeyehu,0922233445
Woynishet Teferra,
Daniel Bekele,0935566778
Hiwot Girma,
Addisalem Teshome,0948899001
Meselech Alemu,
Tadesse Yohannes,0911122334
Roman Tesfaye,
Beza Mengistu,0924455667
Yeabsira Hailu,
Selamawit Yimer,0937788990
Nebiyu Dejene,
Emebet Gebremariam,0941122334
Tsinat Birru,
Yared Lemma,0914455667
Genet Tamiru,
Dawit Asfaw,0927788990
Sisay Endale,
Hirut Hailemariam,0931122334
Brook Wolde,
Kidist Getnet,0945566778
Amanuel Birhan,
Tiruwork Mekonnen,0918899001
Meskerem Endris,
Biniyam Fikremariam,0922233445
Etenesh Gebeyehu,
Zelalem Teferra,0935566778
Wossen Bekele,
Esubalew Girma,0948899001
Tirufelegn Teshome,
Selam Alemu,0911122334
Yohana Yohannes,
Tsehay Tesfaye,0924455667
Mekdes Mengistu,
Abeba Hailu,0937788990
Getahun Yimer,
Fikadu Dejene,0941122334
Aster Gebremariam,
Teshome Birru,0914455667
Wubalem Lemma,
Solomon Tamiru,0927788990
Emebet Asfaw,
Bereket Endale,0931122334
Frehiwot Hailemariam,
Tigist Wolde,0945566778
Mesfin Getnet,
Senait Birhan,0918899001
Elias Mekonnen,
Lidiya Endris,0922233445
Girma Fikremariam,
Woynishet Gebeyehu,0935566778
Daniel Teferra,
Hiwot Bekele,0948899001
Addisalem Girma,
Meselech Teshome,0911122334
Tadesse Alemu,
Roman Yohannes,0924455667
Beza Tesfaye,
Yeabsira Mengistu,0937788990
Selamawit Hailu,
Nebiyu Yimer,0941122334
Emebet Dejene,
Tsinat Gebremariam,0914455667
Yared Birru,
Genet Lemma,0927788990
Dawit Tamiru,
Sisay Asfaw,0931122334
Hirut Endale,
Brook Hailemariam,0945566778
Kidist Wolde,
Amanuel Getnet,0918899001
Tiruwork Birhan,
Meskerem Mekonnen,0922233445
Biniyam Endris,
Etenesh Fikremariam,0935566778
Zelalem Gebeyehu,
Wossen Teferra,0948899001
Esubalew Bekele,
Tirufelegn Girma,0911122334
Selam Teshome,
Yohana Alemu,0924455667
Tsehay Yohannes,
Mekdes Tesfaye,0937788990
Abeba Mengistu,
Getahun Hailu,0941122334
Fikadu Yimer,
Aster Dejene,0914455667
Teshome Gebremariam,
Wubalem Birru,0927788990
Solomon Lemma,
Emebet Tamiru,0931122334
Bereket Asfaw,
Frehiwot Endale,0945566778
Tigist Hailemariam,
Mesfin Wolde,0918899001
Senait Getnet,
Elias Birhan,0922233445
Lidiya Mekonnen,
Girma Endris,0935566778
Woynishet Fikremariam,
Daniel Gebeyehu,0948899001
Hiwot Teferra,
Addisalem Bekele,0911122334
Meselech Girma,
Tadesse Teshome,0924455667
Roman Alemu,
Beza Yohannes,0937788990
Yeabsira Tesfaye,
Selamawit Mengistu,0941122334
Nebiyu Hailu,
Emebet Yimer,0914455667
Tsinat Dejene,
Yared Gebremariam,0927788990
Genet Birru,
Dawit Lemma,0931122334
Sisay Tamiru,
Hirut Asfaw,0945566778
Brook Endale,
Kidist Hailemariam,0918899001
Amanuel Wolde,
Tiruwork Getnet,0922233445
Meskerem Birhan,
Biniyam Mekonnen,0935566778
Etenesh Endris,
Zelalem Fikremariam,0948899001
Wossen Gebeyehu,
Esubalew Teferra,0911122334
Tirufelegn Bekele,
Selam Girma,0924455667
Yohana Teshome,
Tsehay Alemu,0937788990
Mekdes Yohannes,
Abeba Tesfaye,0941122334
Getahun Mengistu,
Fikadu Hailu,0914455667
Aster Yimer,
Teshome Dejene,0927788990
Wubalem Gebremariam,
Solomon Birru,0931122334
Emebet Lemma,
Bereket Tamiru,0945566778
Frehiwot Asfaw,
Tigist Endale,0918899001
Mesfin Hailemariam,
Senait Wolde,0922233445
Elias Getnet,
Lidiya Birhan,0935566778
Girma Mekonnen,
Woynishet Endris,0948899001
Daniel Fikremariam,
Hiwot Gebeyehu,0911122334
Addisalem Teferra,
Meselech Bekele,0924455667
Tadesse Girma,
Roman Teshome,0937788990
Beza Alemu,
Yeabsira Yohannes,0941122334
Selamawit Tesfaye,
Nebiyu Mengistu,0914455667
Emebet Hailu,
Tsinat Yimer,0927788990
Yared Dejene,
Genet Gebremariam,0931122334
Dawit Birru,
Sisay Lemma,0945566778
Hirut Tamiru,
Brook Asfaw,0918899001
Kidist Endale,
Amanuel Hailemariam,0922233445
Tiruwork Wolde,
Meskerem Getnet,0935566778
Biniyam Birhan,
Etenesh Mekonnen,0948899001
Zelalem Endris,
Wossen Fikremariam,0911122334
Esubalew Gebeyehu,
Tirufelegn Teferra,0924455667
Selam Bekele,
Yohana Girma,0937788990
Tsehay Teshome,
Mekdes Alemu,0941122334
Abeba Yohannes,
Getahun Tesfaye,0914455667
Fikadu Mengistu,
Aster Hailu,0927788990
Teshome Yimer,
Wubalem Dejene,0931122334
Solomon Gebremariam,
Emebet Birru,0945566778
Bereket Lemma,
Frehiwot Tamiru,0918899001
Tigist Asfaw,
Mesfin Endale,0922233445
Senait Hailemariam,
Elias Wolde,0935566778
Lidiya Getnet,
Girma Birhan,0948899001
Woynishet Mekonnen,
Daniel Endris,0911122334
Hiwot Fikremariam,
Addisalem Gebeyehu,0924455667
Meselech Teferra,
Tadesse Bekele,0937788990
Roman Girma,
Beza Teshome,0941122334
Yeabsira Alemu,
Selamawit Yohannes,0914455667
Nebiyu Tesfaye,
Emebet Mengistu,0927788990
Tsinat Hailu,
Yared Yimer,0931122334
Genet Dejene,
Dawit Gebremariam,0945566778
Sisay Birru,
Hirut Lemma,0918899001
Brook Tamiru,
Kidist Asfaw,0922233445
Amanuel Endale,
Tiruwork Hailemariam,0935566778
Meskerem Wolde,
Biniyam Getnet,0948899001
Etenesh Birhan,
Zelalem Mekonnen,0911122334
Wossen Endris,
Esubalew Fikremariam,0924455667
Tirufelegn Gebeyehu,
Selam Teferra,0937788990
Yohana Bekele,
Tsehay Girma,0941122334
Mekdes Teshome,
Abeba Alemu,0914455667
Getahun Yohannes,
Fikadu Tesfaye,0927788990
Aster Mengistu,
Teshome Hailu,0931122334
Wubalem Yimer,
Solomon Dejene,0945566778
Emebet Gebremariam,
Bereket Birru,0918899001
Frehiwot Lemma,
Tigist Tamiru,0922233445
Mesfin Asfaw,
Senait Endale,0935566778
Elias Hailemariam,
Lidiya Wolde,0948899001
Girma Getnet,
Woynishet Birhan,0911122334
Daniel Mekonnen,
Hiwot Endris,0924455667
Addisalem Fikremariam,
Meselech Gebeyehu,0937788990
Tadesse Teferra,
Roman Bekele,0941122334
Beza Girma,
Yeabsira Teshome,0914455667
Selamawit Alemu,
Nebiyu Yohannes,0927788990
Emebet Tesfaye,
Tsinat Mengistu,0931122334
Yared Hailu,
Genet Yimer,0945566778
Dawit Dejene,
Sisay Gebremariam,0918899001
Hirut Birru,
Brook Lemma,0922233445
Kidist Tamiru,
Amanuel Asfaw,0935566778
Tiruwork Endale,
Meskerem Hailemariam,0948899001
Biniyam Wolde,
Etenesh Getnet,0911122334
Zelalem Birhan,
Wossen Mekonnen,0924455667
Esubalew Endris,
Tirufelegn Fikremariam,0937788990
Selam Gebeyehu,
Yohana Teferra,0941122334
Tsehay Bekele,
Mekdes Girma,0914455667
Abeba Teshome,
Getahun Alemu,0927788990
Fikadu Yohannes,
Aster Tesfaye,0931122334
Teshome Mengistu,
Wubalem Hailu,0945566778
Solomon Yimer,
Emebet Dejene,0918899001
Bereket Gebremariam,
Frehiwot Birru,0922233445
Tigist Lemma,
Mesfin Tamiru,0935566778
Senait Asfaw,
Elias Endale,0948899001
Lidiya Hailemariam,
Girma Wolde,0911122334
Woynishet Getnet,
Daniel Birhan,0924455667
Hiwot Mekonnen,
Addisalem Endris,0937788990
Meselech Fikremariam,
Tadesse Gebeyehu,0941122334
Roman Teferra,
Beza Bekele,0914455667
Yeabsira Girma,
Selamawit Teshome,0927788990
Nebiyu Alemu,
Emebet Yohannes,0931122334
Tsinat Tesfaye,
Yared Mengistu,0945566778
Genet Hailu,
Dawit Yimer,0918899001
Sisay Dejene,
Hirut Gebremariam,0922233445
Brook Birru,
Kidist Lemma,0935566778
Amanuel Tamiru,
Tiruwork Asfaw,0948899001
Meskerem Endale,
Biniyam Hailemariam,0911122334
Etenesh Wolde,
Zelalem Getnet,0924455667
Wossen Birhan,
Esubalew Mekonnen,0937788990
Tirufelegn Endris,
Selam Fikremariam,0941122334
Yohana Gebeyehu,
Tsehay Teferra,0914455667
Mekdes Bekele,
Abeba Girma,0927788990
Getahun Teshome,
Fikadu Alemu,0931122334
Aster Yohannes,
Teshome Tesfaye,0945566778
Wubalem Mengistu,
Solomon Hailu,0918899001
Emebet Yimer,
Bereket Dejene,0922233445
Frehiwot Gebremariam,
Tigist Birru,0935566778
Mesfin Lemma,
Senait Tamiru,0948899001
Elias Asfaw,
Lidiya Endale,0911122334
Girma Hailemariam,
Woynishet Wolde,0924455667
Daniel Getnet,
Hiwot Birhan,0937788990
Addisalem Mekonnen,
Meselech Endris,0941122334
Tadesse Fikremariam,
Roman Gebeyehu,0914455667
Beza Teferra,
Yeabsira Bekele,0927788990
Selamawit Girma,
Nebiyu Teshome,0931122334
Emebet Alemu,
Tsinat Yohannes,0945566778
Yared Tesfaye,
Genet Mengistu,0918899001
Dawit Hailu,
Sisay Yimer,0922233445
Hirut Dejene,
Brook Gebremariam,0935566778
Kidist Birru,
Amanuel Lemma,0948899001
Tiruwork Tamiru,
Meskerem Asfaw,0911122334
Biniyam Endale,
Etenesh Hailemariam,0924455667
Zelalem Wolde,
Wossen Getnet,0937788990
Esubalew Birhan,
Tirufelegn Mekonnen,0941122334
Selam Endris,
Yohana Fikremariam,0914455667
Tsehay Gebeyehu,
Mekdes Teferra,0927788990
Abeba Bekele,
Getahun Girma,0931122334
Fikadu Teshome,
Aster Alemu,0945566778
Teshome Yohannes,
Wubalem Tesfaye,0918899001
Solomon Mengistu,
Emebet Hailu,0922233445
Bereket Yimer,
Frehiwot Dejene,0935566778
Tigist Gebremariam,
Mesfin Birru,0948899001
Senait Lemma,
Elias Tamiru,0911122334
Lidiya Asfaw,
Girma Endale,0924455667
Woynishet Hailemariam,
Daniel Wolde,0937788990
Hiwot Getnet,
Addisalem Birhan,0941122334
Meselech Mekonnen,
Tadesse Endris,0914455667
Roman Fikremariam,
Beza Gebeyehu,0927788990
Yeabsira Teferra,
Selamawit Bekele,0931122334
Nebiyu Girma,
Emebet Teshome,0945566778
Tsinat Alemu,
Yared Yohannes,0918899001
Genet Tesfaye,
Dawit Mengistu,0922233445
Sisay Hailu,
Hirut Yimer,0935566778
Brook Dejene,
Kidist Gebremariam,0948899001
Amanuel Birru,
Tiruwork Lemma,0911122334
Meskerem Tamiru,
Biniyam Asfaw,0924455667
Etenesh Endale,
Zelalem Hailemariam,0937788990
Wossen Wolde,
Esubalew Getnet,0941122334
Tirufelegn Birhan,
Selam Mekonnen,0914455667
Yohana Endris,
Tsehay Fikremariam,0927788990
Mekdes Gebeyehu,
Abeba Teferra,0931122334
Getahun Bekele,
Fikadu Girma,0945566778
Aster Teshome,
Teshome Alemu,0918899001
Wubalem Yohannes,
Solomon Tesfaye,0922233445
Emebet Mengistu,
Bereket Hailu,0935566778
Frehiwot Yimer,
Tigist Dejene,0948899001
Mesfin Gebremariam,
Senait Birru,0911122334
Elias Lemma,
Lidiya Tamiru,0924455667
Girma Asfaw,
Woynishet Endale,0937788990
Daniel Hailemariam,
Hiwot Wolde,0941122334
Addisalem Getnet,
Meselech Birhan,0914455667
Tadesse Mekonnen,
Roman Endris,0927788990
Beza Fikremariam,
Yeabsira Gebeyehu,0931122334
Selamawit Teferra,
Nebiyu Bekele,0945566778
Emebet Girma,
Tsinat Teshome,0918899001
Yared Alemu,
Genet Yohannes,0922233445
Dawit Tesfaye,
Sisay Mengistu,0935566778
Hirut Hailu,
Brook Yimer,0948899001
Kidist Dejene,
Amanuel Gebremariam,0911122334
Tiruwork Birru,
Meskerem Lemma,0924455667
Biniyam Tamiru,
Etenesh Asfaw,0937788990
Zelalem Endale,
Wossen Hailemariam,0941122334
Esubalew Wolde,
Tirufelegn Getnet,0914455667
Selam Birhan,
Yohana Mekonnen,0927788990
Tsehay Endris,
Mekdes Fikremariam,0931122334
Abeba Gebeyehu,
Getahun Teferra,0945566778
Fikadu Bekele,
Aster Girma,0918899001
Teshome Teshome,0922233445
Wubalem Alemu,
Solomon Yohannes,0935566778
Emebet Tesfaye,
Bereket Mengistu,0948899001
Frehiwot Hailu,
Tigist Yimer,0911122334
Mesfin Dejene,
Senait Gebremariam,0924455667
Elias Birru,
Lidiya Lemma,0937788990
Girma Tamiru,
Woynishet Asfaw,0941122334
Daniel Endale,
Hiwot Hailemariam,0914455667
Addisalem Wolde,
Meselech Getnet,0927788990
Tadesse Birhan,
Roman Mekonnen,0931122334
Beza Endris,
Yeabsira Fikremariam,0945566778
Selamawit Gebeyehu,
Nebiyu Teferra,0918899001
Emebet Bekele,
Tsinat Girma,0922233445
Yared Teshome,
Genet Alemu,0935566778
Dawit Yohannes,
Sisay Tesfaye,0948899001
Hirut Mengistu,
Brook Hailu,0911122334
Kidist Yimer,
Amanuel Dejene,0924455667
Tiruwork Gebremariam,
Meskerem Bir